"","x"
"1",2978
"2",2979
"3",2980
"4",2981
"5",2982
"6",2983
"7",2997
"8",2998
"9",2999
"10",3000
"11",3001
"12",3002
"13",3003
"14",3004
"15",3005
"16",3006
"17",3021
"18",3022
"19",3758
"20",3759
"21",3760
"22",3761
"23",3762
"24",3763
"25",3764
"26",3765
"27",3991
"28",3992
"29",3993
"30",3994
"31",3995
"32",3999
"33",4000
"34",4001
"35",4002
"36",4006
"37",4007
"38",4008
"39",4009
"40",4010
"41",4014
"42",4015
"43",4016
"44",4017
"45",4022
"46",4088
"47",4089
"48",4090
"49",4091
"50",4092
"51",4093
"52",4094
"53",4095
"54",4096
"55",4097
"56",4098
"57",4099
"58",4100
"59",4101
"60",4102
"61",4103
"62",4104
"63",4105
"64",4106
"65",4107
"66",4108
"67",4109
"68",4110
"69",4111
"70",4112
"71",4113
"72",4114
"73",4115
"74",4116
"75",4117
"76",4118
"77",4119
"78",4120
"79",4121
"80",4122
"81",4123
"82",4124
"83",4125
"84",4126
"85",4127
"86",4152
"87",4153
"88",4154
"89",4155
"90",4156
"91",4157
"92",4158
"93",4159
"94",4160
"95",4161
"96",4162
"97",4163
"98",4164
"99",4165
"100",4178
"101",4179
"102",4180
"103",4181
"104",4182
"105",4183
"106",4184
"107",4185
"108",4186
"109",4187
"110",4188
"111",4189
"112",4190
"113",4191
"114",4192
"115",4193
"116",4194
"117",4195
"118",4196
"119",4197
"120",4198
"121",4199
"122",4200
"123",4201
"124",4202
"125",4203
"126",4204
"127",4205
"128",4206
"129",4207
"130",4208
"131",4209
"132",4210
"133",4211
"134",4212
"135",4213
"136",4214
"137",4215
"138",4216
"139",4217
"140",4218
"141",4219
"142",4220
"143",4221
"144",4222
"145",4223
"146",4224
"147",4225
"148",4226
"149",4227
"150",4228
"151",4229
"152",4230
"153",4231
"154",4232
"155",4233
"156",4238
"157",4239
"158",4240
"159",4241
"160",4242
"161",4243
"162",4244
"163",4245
"164",4246
"165",4247
"166",4248
"167",4249
"168",4250
"169",4251
"170",4252
"171",4253
"172",4254
"173",4255
"174",4256
"175",4257
"176",4258
"177",4259
"178",4260
"179",4261
"180",4262
"181",4263
"182",4264
"183",4265
"184",4266
"185",4267
"186",4268
"187",4269
"188",4270
"189",4271
"190",4272
"191",4273
"192",4274
"193",4275
"194",4276
"195",4277
"196",4281
"197",4282
"198",4283
"199",4284
"200",4285
"201",4286
"202",4287
"203",4288
"204",4289
"205",4290
"206",4291
"207",4292
"208",4293
"209",4294
"210",4295
"211",4296
"212",4297
"213",4298
"214",4299
"215",4300
"216",4301
"217",4302
"218",4303
"219",4304
"220",4305
"221",4306
"222",4307
"223",4308
"224",4309
"225",4310
"226",4311
"227",4312
"228",4313
"229",4314
"230",4315
"231",4316
"232",4317
"233",4318
"234",4319
"235",4320
"236",4321
"237",4322
"238",4323
"239",4324
"240",4325
"241",4326
"242",4327
"243",4328
"244",4329
"245",4330
"246",4331
"247",4332
"248",4333
"249",4334
"250",4335
"251",4336
"252",4337
"253",4338
"254",4339
"255",4340
"256",4341
"257",4342
"258",4343
"259",4344
"260",4345
"261",4346
"262",4347
"263",4348
"264",4349
"265",4350
"266",4351
"267",4352
"268",4353
"269",4354
"270",4355
"271",4356
"272",4357
"273",4358
"274",4359
"275",4360
"276",4361
"277",4362
"278",4363
"279",4364
"280",4365
"281",4366
"282",4367
"283",4368
"284",4369
"285",4370
"286",4371
"287",4372
"288",4373
"289",4374
"290",4375
"291",4376
"292",4377
"293",4378
"294",4379
"295",4380
"296",4381
"297",4382
"298",4383
"299",4384
"300",4385
"301",4386
"302",4387
"303",4388
"304",4389
"305",4390
"306",4391
"307",4392
"308",4393
"309",4394
"310",4395
"311",4396
"312",4397
"313",4398
"314",4399
"315",4400
"316",4401
"317",4402
"318",4403
"319",4404
"320",4405
"321",4406
"322",4407
"323",4408
"324",4409
"325",4410
"326",4411
"327",4412
"328",4413
"329",4414
"330",4415
"331",4416
"332",4417
"333",4418
"334",4419
"335",4420
"336",4421
"337",4422
"338",4423
"339",4424
"340",4425
"341",4426
"342",4427
"343",4428
"344",4429
"345",4430
"346",4431
"347",4432
"348",4433
"349",4434
"350",4435
"351",4436
"352",4437
"353",4438
"354",4439
"355",4440
"356",4441
"357",4442
"358",4443
"359",4444
"360",4445
"361",4446
"362",4447
"363",4448
"364",4449
"365",4450
"366",4451
"367",4452
"368",4453
"369",4454
"370",4455
"371",4456
"372",4457
"373",4458
"374",4459
"375",4460
"376",4461
"377",4462
"378",4463
"379",4464
"380",4465
"381",4466
"382",4467
"383",4468
"384",4469
"385",4470
"386",4471
"387",4472
"388",4473
"389",4474
"390",4475
"391",4476
"392",4477
"393",4478
"394",4479
"395",4480
"396",4481
"397",4482
"398",4483
"399",4484
"400",4485
"401",4486
"402",4487
"403",4488
"404",4489
"405",4490
"406",4492
"407",4493
"408",4494
"409",4495
"410",4496
"411",4497
"412",4498
"413",4499
"414",4500
"415",4501
"416",4502
"417",4503
"418",4504
"419",4505
"420",4506
"421",4507
"422",4508
"423",4509
"424",4510
"425",4511
"426",4513
"427",4514
"428",4515
"429",4516
"430",4517
"431",4519
"432",4520
"433",4521
"434",4522
"435",4523
"436",4524
"437",4525
"438",4526
"439",4527
"440",4528
"441",4529
"442",4530
"443",4532
"444",4533
"445",4534
"446",4535
"447",4536
"448",4537
"449",4538
"450",4539
"451",4540
"452",4541
"453",4543
"454",4544
"455",4545
"456",4546
"457",4547
"458",4548
"459",4549
"460",4550
"461",4551
"462",4552
"463",4553
"464",4554
"465",4555
"466",4556
"467",4557
"468",4558
"469",4559
"470",4560
"471",4561
"472",4570
"473",4571
"474",4572
"475",4573
"476",4574
"477",4575
"478",4576
"479",4577
"480",4578
"481",4579
"482",4580
"483",4581
"484",4582
"485",4583
"486",4584
"487",4585
"488",4586
"489",4587
"490",4588
"491",4589
"492",4591
"493",4592
"494",4593
"495",4594
"496",4595
"497",4596
"498",4597
"499",4598
"500",4599
"501",4600
"502",4601
"503",4602
"504",4603
"505",4604
"506",4605
"507",4606
"508",4607
"509",4608
"510",4609
"511",4610
"512",4611
"513",4612
"514",4613
"515",4614
"516",4615
"517",4616
"518",4617
"519",4618
"520",4619
"521",4620
"522",4621
"523",4622
"524",4623
"525",4624
"526",4625
"527",4626
"528",4627
"529",4628
"530",4629
"531",4630
"532",4631
"533",4632
"534",4633
"535",4634
"536",4635
"537",4636
"538",4637
"539",4638
"540",4639
"541",4640
"542",4641
"543",4642
"544",4643
"545",4644
"546",4645
"547",4646
"548",4647
"549",4648
"550",4649
"551",4650
"552",4651
"553",4652
"554",4653
"555",4654
"556",4655
"557",4656
"558",4657
"559",4658
"560",4659
"561",4660
"562",4661
"563",4662
"564",4663
"565",4664
"566",4665
"567",4666
"568",4667
"569",4668
"570",4669
"571",4670
"572",4671
"573",4672
"574",4673
"575",4674
"576",4675
"577",4676
"578",4677
"579",4678
"580",4679
"581",4680
"582",4681
"583",4682
"584",4683
"585",4684
"586",4685
"587",4686
"588",4687
"589",4688
"590",4689
"591",4690
"592",4691
"593",4692
"594",4693
"595",4694
"596",4695
"597",4696
"598",4697
"599",4698
"600",4699
"601",4700
"602",4701
"603",4702
"604",4703
"605",4704
"606",4705
"607",4706
"608",4707
"609",4708
"610",4709
"611",4710
"612",4711
"613",4712
"614",4713
"615",4714
"616",4715
"617",4716
"618",4717
"619",4718
"620",4719
"621",4720
"622",4721
"623",4722
"624",4723
"625",4724
"626",4725
"627",4726
"628",4727
"629",4728
"630",4729
"631",4730
"632",4731
"633",4732
"634",4733
"635",4734
"636",4735
"637",4736
"638",4737
"639",4738
"640",4739
"641",4740
"642",4741
"643",4742
"644",4743
"645",4744
"646",4745
"647",4746
"648",4747
"649",4748
"650",4749
"651",4750
"652",4751
"653",4752
"654",4753
"655",4754
"656",4755
"657",4756
"658",4757
"659",4758
"660",4759
"661",4760
"662",4761
"663",4762
"664",4763
"665",4764
"666",4765
"667",4766
"668",4767
"669",4768
"670",4769
"671",4770
"672",4771
"673",4772
"674",4773
"675",4774
"676",4775
"677",4776
"678",4777
"679",4778
"680",4779
"681",4780
"682",4781
"683",4782
"684",4783
"685",4784
"686",4785
"687",4786
"688",4787
"689",4788
"690",4789
"691",4790
"692",4791
"693",4792
"694",4793
"695",4794
"696",4795
"697",4796
"698",4797
"699",4798
"700",4799
"701",4800
"702",4801
"703",4802
"704",4803
"705",4804
"706",4805
"707",4806
"708",4807
"709",4808
"710",4809
"711",4810
"712",4811
"713",4812
"714",4813
"715",4814
"716",4815
"717",4816
"718",4817
"719",4818
"720",4819
"721",4820
"722",4821
"723",4822
"724",4823
"725",4824
"726",4825
"727",4826
"728",4827
"729",4828
"730",4829
"731",4830
"732",4831
"733",4832
"734",4833
"735",4834
"736",4835
"737",4836
"738",4837
"739",4838
"740",4839
"741",4840
"742",4841
"743",4842
"744",4843
"745",4844
"746",4845
"747",4846
"748",4847
"749",4848
"750",4849
"751",4850
"752",4851
"753",4852
"754",4853
"755",4854
"756",4855
"757",4856
"758",4857
"759",4858
"760",4859
"761",4860
"762",4861
"763",4862
"764",4863
"765",4864
"766",4865
"767",4866
"768",4867
"769",4868
"770",4869
"771",4870
"772",4879
"773",4880
"774",4881
"775",4882
"776",4883
"777",4884
"778",4885
"779",4886
"780",4887
"781",4888
"782",4889
"783",4890
"784",4891
"785",4892
"786",4893
"787",4894
"788",4895
"789",4896
"790",4897
"791",4898
"792",4899
"793",4900
"794",4901
"795",4902
"796",4903
"797",4904
"798",4905
"799",4906
"800",4907
"801",4908
"802",4909
"803",4910
"804",4911
"805",4912
"806",4913
"807",4914
"808",4915
"809",4916
"810",4917
"811",4918
"812",4919
"813",4920
"814",4921
"815",4922
"816",4923
"817",4924
"818",4925
"819",4926
"820",4927
"821",4931
"822",4932
"823",4933
"824",4934
"825",4935
"826",4936
"827",4937
"828",4938
"829",4939
"830",4940
"831",4941
"832",4942
"833",4943
"834",4944
"835",4947
"836",4948
"837",4950
"838",4951
"839",4952
"840",4953
"841",4955
"842",4956
"843",4957
"844",4959
"845",4961
"846",4962
"847",4963
"848",4964
"849",4965
"850",4966
"851",4967
"852",4968
"853",4969
"854",4970
"855",4971
"856",4972
"857",4973
"858",4974
"859",4975
"860",4976
"861",4977
"862",4978
"863",4979
"864",4980
"865",4981
"866",4982
"867",4983
"868",4984
"869",4985
"870",4986
"871",4987
"872",4988
"873",4989
"874",4990
"875",4991
"876",4992
"877",4993
"878",4994
"879",4995
"880",4996
"881",4997
"882",4998
"883",4999
"884",5000
"885",5001
"886",5002
"887",5003
"888",5004
"889",5005
"890",5006
"891",5007
"892",5008
"893",5009
"894",5010
"895",5011
"896",5012
"897",5013
"898",5014
"899",5015
"900",5016
"901",5017
"902",5018
"903",5019
"904",5020
"905",5021
"906",5022
"907",5023
"908",5024
"909",5025
"910",5026
"911",5027
"912",5028
"913",5029
"914",5030
"915",5031
"916",5032
"917",5033
"918",5034
"919",5035
"920",5036
"921",5037
"922",5038
"923",5039
"924",5040
"925",5041
"926",5042
"927",5043
"928",5044
"929",5045
"930",5046
"931",5047
"932",5048
"933",5049
"934",5050
"935",5051
"936",5052
"937",5053
"938",5054
"939",5055
"940",5056
"941",5057
"942",5058
"943",5059
"944",5060
"945",5061
"946",5062
"947",5063
"948",5064
"949",5065
"950",5066
"951",5067
"952",5068
"953",5069
"954",5070
"955",5071
"956",5072
"957",5073
"958",5074
"959",5075
"960",5076
"961",5077
"962",5078
"963",5079
"964",5080
"965",5081
"966",5082
"967",5083
"968",5084
"969",5085
"970",5086
"971",5087
"972",5088
"973",5089
"974",5090
"975",5091
"976",5092
"977",5093
"978",5094
"979",5095
"980",5096
"981",5097
"982",5098
"983",5099
"984",5100
"985",5101
"986",5102
"987",5103
"988",5104
"989",5105
"990",5106
"991",5107
"992",5108
"993",5109
"994",5110
"995",5111
"996",5112
"997",5113
"998",5114
"999",5115
"1000",5116
"1001",5117
"1002",5118
"1003",5119
"1004",5120
"1005",5121
"1006",5122
"1007",5123
"1008",5124
"1009",5125
"1010",5126
"1011",5127
"1012",5128
"1013",5129
"1014",5130
"1015",5131
"1016",5132
"1017",5133
"1018",5134
"1019",5135
"1020",5136
"1021",5137
"1022",5138
"1023",5139
"1024",5140
"1025",5141
"1026",5142
"1027",5143
"1028",5144
"1029",5145
"1030",5146
"1031",5147
"1032",5148
"1033",5149
"1034",5150
"1035",5151
"1036",5152
"1037",5153
"1038",5154
"1039",5155
"1040",5156
"1041",5157
"1042",5158
"1043",5159
"1044",5160
"1045",5161
"1046",5162
"1047",5163
"1048",5164
"1049",5165
"1050",5166
"1051",5167
"1052",5168
"1053",5169
"1054",5170
"1055",5171
"1056",5172
"1057",5173
"1058",5174
"1059",5175
"1060",5176
"1061",5177
"1062",5178
"1063",5179
"1064",5180
"1065",5181
"1066",5182
"1067",5183
"1068",5184
"1069",5185
"1070",5186
"1071",5187
"1072",5188
"1073",5189
"1074",5190
"1075",5191
"1076",5192
"1077",5193
"1078",5194
"1079",5195
"1080",5196
"1081",5197
"1082",5198
"1083",5199
"1084",5200
"1085",5201
"1086",5202
"1087",5203
"1088",5204
"1089",5205
"1090",5206
"1091",5207
"1092",5208
"1093",5209
"1094",5210
"1095",5211
"1096",5212
"1097",5213
"1098",5214
"1099",5215
"1100",5216
"1101",5217
"1102",5218
"1103",5219
"1104",5220
"1105",5221
"1106",5222
"1107",5223
"1108",5224
"1109",5225
"1110",5226
"1111",5227
"1112",5228
"1113",5229
"1114",5230
"1115",5231
"1116",5232
"1117",5233
"1118",5234
"1119",5235
"1120",5236
"1121",5237
"1122",5238
"1123",5239
"1124",5240
"1125",5241
"1126",5242
"1127",5243
"1128",5244
"1129",5245
"1130",5246
"1131",5247
"1132",5248
"1133",5249
"1134",5250
"1135",5251
"1136",5252
"1137",5253
"1138",5254
"1139",5255
"1140",5256
"1141",5257
"1142",5258
"1143",5259
"1144",5260
"1145",5261
"1146",5262
"1147",5263
"1148",5264
"1149",5265
"1150",5266
"1151",5267
"1152",5269
"1153",5270
"1154",5271
"1155",5272
"1156",5273
"1157",5274
"1158",5275
"1159",5276
"1160",5277
"1161",5278
"1162",5279
"1163",5280
"1164",5281
"1165",5282
"1166",5283
"1167",5289
"1168",5290
"1169",5293
"1170",5294
"1171",5295
"1172",5296
"1173",5297
"1174",5298
"1175",5299
"1176",5300
"1177",5301
"1178",5311
"1179",5314
"1180",5316
"1181",5317
"1182",5318
"1183",5319
"1184",5320
"1185",5321
"1186",5323
"1187",5324
"1188",5325
"1189",5327
"1190",5330
"1191",5331
"1192",5332
"1193",5333
"1194",5337
"1195",5338
"1196",5345
"1197",5346
"1198",5348
"1199",5349
"1200",5350
"1201",5351
"1202",5352
"1203",5353
"1204",5354
"1205",5355
"1206",5356
"1207",5357
"1208",5358
"1209",5359
"1210",5360
"1211",5361
"1212",5362
"1213",5363
"1214",5364
"1215",5365
"1216",5366
"1217",5367
"1218",5368
"1219",5369
"1220",5370
"1221",5371
"1222",5372
"1223",5373
"1224",5374
"1225",5376
"1226",5377
"1227",5378
"1228",5379
"1229",5380
"1230",5381
"1231",5382
"1232",5410
"1233",5411
"1234",5412
"1235",5413
"1236",5414
"1237",5415
"1238",5416
"1239",5417
"1240",5418
"1241",5419
"1242",5420
"1243",5421
"1244",5422
"1245",5423
"1246",5424
"1247",5425
"1248",5426
"1249",5427
"1250",5428
"1251",5429
"1252",5430
"1253",5431
"1254",5432
"1255",5433
"1256",5434
"1257",5437
"1258",5438
"1259",5439
"1260",5440
"1261",5441
"1262",5447
"1263",5448
"1264",5449
"1265",5450
"1266",5451
"1267",5452
"1268",5453
"1269",5454
"1270",5459
"1271",5460
"1272",5461
"1273",5470
"1274",5471
"1275",5472
"1276",5473
"1277",5474
"1278",5475
"1279",5476
"1280",5477
"1281",5478
"1282",5479
"1283",5480
"1284",5481
"1285",5482
"1286",5483
"1287",5484
"1288",5491
"1289",5492
"1290",5493
"1291",5508
"1292",5509
"1293",5510
"1294",5511
"1295",5512
"1296",5513
"1297",5514
"1298",5515
"1299",5516
"1300",5517
"1301",5518
"1302",5519
"1303",5520
"1304",5525
"1305",5550
"1306",5555
"1307",5556
"1308",5557
"1309",5558
"1310",5559
"1311",5560
"1312",5561
"1313",5562
"1314",5563
"1315",5564
"1316",5567
"1317",5568
"1318",5569
"1319",5570
"1320",5571
"1321",5572
"1322",5573
"1323",5574
"1324",5577
"1325",5579
"1326",5580
"1327",5581
"1328",5582
"1329",5583
"1330",5584
"1331",5585
"1332",5586
"1333",5587
"1334",5588
"1335",5589
"1336",5590
"1337",5591
"1338",5592
"1339",5593
"1340",5594
"1341",5595
"1342",5596
"1343",5597
"1344",5598
"1345",5602
"1346",5603
"1347",5604
"1348",5605
"1349",5606
"1350",5607
"1351",5608
"1352",5609
"1353",5612
"1354",5614
"1355",5615
"1356",5616
"1357",5617
"1358",5618
"1359",5619
"1360",5623
"1361",5626
"1362",5627
"1363",5628
"1364",5629
"1365",5630
"1366",5653
"1367",5655
"1368",5676
"1369",5677
"1370",5678
"1371",5679
"1372",5681
"1373",5683
"1374",5689
"1375",5690
"1376",5691
"1377",5692
"1378",5693
"1379",5694
"1380",5695
"1381",5696
"1382",5697
"1383",5698
"1384",5699
"1385",5700
"1386",5701
"1387",5702
"1388",5703
"1389",5704
"1390",5705
"1391",5706
"1392",5707
"1393",5708
"1394",5709
"1395",5710
"1396",5711
"1397",5712
"1398",5713
"1399",5714
"1400",5715
"1401",5716
"1402",5717
"1403",5718
"1404",5719
"1405",5720
"1406",5721
"1407",5722
"1408",5723
"1409",5724
"1410",5725
"1411",5726
"1412",5727
"1413",5728
"1414",5729
"1415",5730
"1416",5731
"1417",5732
"1418",5733
"1419",5734
"1420",5735
"1421",5736
"1422",5737
"1423",5738
"1424",5739
"1425",5740
"1426",5741
"1427",5742
"1428",5743
"1429",5744
"1430",5745
"1431",5746
"1432",5747
"1433",5748
"1434",5749
"1435",5750
"1436",5751
"1437",5756
"1438",5757
"1439",5758
"1440",5759
"1441",5760
"1442",5761
"1443",5762
"1444",5763
"1445",5764
"1446",5769
"1447",5793
"1448",5794
"1449",5795
"1450",5796
"1451",5827
"1452",5828
"1453",5833
"1454",5834
"1455",5835
"1456",5836
"1457",5837
"1458",5838
"1459",5839
"1460",5840
"1461",5841
"1462",5842
"1463",5843
"1464",5844
"1465",5845
"1466",5846
"1467",5847
"1468",5848
"1469",5849
"1470",5850
"1471",5851
"1472",5852
"1473",5853
"1474",5854
"1475",5855
"1476",5856
"1477",5857
"1478",5858
"1479",5859
"1480",5860
"1481",5861
"1482",5862
"1483",5863
"1484",5864
"1485",5865
"1486",5869
"1487",5870
"1488",5871
"1489",5872
"1490",5873
"1491",5874
"1492",5875
"1493",5876
"1494",5877
"1495",5878
"1496",5883
"1497",5885
"1498",5886
"1499",5887
"1500",5888
"1501",5889
"1502",5890
"1503",5899
"1504",5901
"1505",5902
"1506",5903
"1507",5904
"1508",5905
"1509",5906
"1510",5907
"1511",5908
"1512",5909
"1513",5910
"1514",5911
"1515",5912
"1516",5914
"1517",5915
"1518",5916
"1519",5917
"1520",5918
"1521",5919
"1522",5920
"1523",5921
"1524",5922
"1525",5923
"1526",5924
"1527",5946
"1528",5947
"1529",5948
"1530",5949
"1531",5950
"1532",5951
"1533",5952
"1534",5953
"1535",5954
"1536",5956
"1537",5957
"1538",5963
"1539",5964
"1540",5965
"1541",5966
"1542",5967
"1543",5968
"1544",5969
"1545",5970
"1546",5972
"1547",5973
"1548",5975
"1549",5976
"1550",5977
"1551",5978
"1552",5979
"1553",5982
"1554",5983
"1555",5985
"1556",5986
"1557",5987
"1558",5988
"1559",5989
"1560",5990
"1561",5995
"1562",5996
"1563",5997
"1564",6003
"1565",6004
"1566",6005
"1567",6006
"1568",6007
"1569",6008
"1570",6009
"1571",6010
"1572",6011
"1573",6012
"1574",6017
"1575",6018
"1576",6019
"1577",6026
"1578",6028
"1579",6031
"1580",6032
"1581",6033
"1582",6034
"1583",6035
"1584",6036
"1585",6037
"1586",6038
"1587",6039
"1588",6040
"1589",6041
"1590",6042
"1591",6045
"1592",6046
"1593",6047
"1594",6048
"1595",6049
"1596",6050
"1597",6051
"1598",6052
"1599",6053
"1600",6054
"1601",6055
"1602",6056
"1603",6057
"1604",6058
"1605",6059
"1606",6060
"1607",6068
"1608",6069
"1609",6076
"1610",6077
"1611",6078
"1612",6079
"1613",6089
"1614",6092
"1615",6093
"1616",6102
"1617",6103
"1618",6104
"1619",6105
"1620",6106
"1621",6107
"1622",6112
"1623",6119
"1624",6120
"1625",6122
"1626",6124
"1627",6125
"1628",6127
"1629",6128
"1630",6129
"1631",6130
"1632",6132
"1633",6133
"1634",6134
"1635",6135
"1636",6136
"1637",6151
"1638",6152
"1639",6153
"1640",6154
"1641",6155
"1642",6156
"1643",6157
"1644",6158
"1645",6159
"1646",6160
"1647",6161
"1648",6162
"1649",6163
"1650",6164
"1651",6165
"1652",6166
"1653",6175
"1654",6176
"1655",6177
"1656",6178
"1657",6179
"1658",6180
"1659",6181
"1660",6182
"1661",6183
"1662",6184
"1663",6185
"1664",6186
"1665",6187
"1666",6188
"1667",6189
"1668",6190
"1669",6191
"1670",6192
"1671",6193
"1672",6194
"1673",6195
"1674",6196
"1675",6197
"1676",6198
"1677",6199
"1678",6200
"1679",6201
"1680",6203
"1681",6205
"1682",6206
"1683",6207
"1684",6208
"1685",6209
"1686",6214
"1687",6215
"1688",6216
"1689",6217
"1690",6218
"1691",6219
"1692",6220
"1693",6221
"1694",6222
"1695",6223
"1696",6224
"1697",6225
"1698",6226
"1699",6227
"1700",6228
"1701",6229
"1702",6230
"1703",6231
"1704",6232
"1705",6233
"1706",6238
"1707",6239
"1708",6240
"1709",6241
"1710",6242
"1711",6243
"1712",6244
"1713",6253
"1714",6254
"1715",6255
"1716",6256
"1717",6257
"1718",6262
"1719",6266
"1720",6267
"1721",6268
"1722",6269
"1723",6270
"1724",6271
"1725",6272
"1726",6273
"1727",6274
"1728",6275
"1729",6276
"1730",6277
"1731",6278
"1732",6279
"1733",6280
"1734",6281
"1735",6282
"1736",6283
"1737",6284
"1738",6285
"1739",6286
"1740",6287
"1741",6288
"1742",6289
"1743",6290
"1744",6291
"1745",6292
"1746",6293
"1747",6294
"1748",6295
"1749",6296
"1750",6297
"1751",6298
"1752",6299
"1753",6300
"1754",6301
"1755",6302
"1756",6303
"1757",6304
"1758",6305
"1759",6310
"1760",6311
"1761",6312
"1762",6313
"1763",6314
"1764",6315
"1765",6316
"1766",6317
"1767",6326
"1768",6327
"1769",6328
"1770",6329
"1771",6330
"1772",6331
"1773",6332
"1774",6333
"1775",6338
"1776",6339
"1777",6340
"1778",6341
"1779",6343
"1780",6344
"1781",6345
"1782",6346
"1783",6347
"1784",6348
"1785",6349
"1786",6350
"1787",6351
"1788",6352
"1789",6353
"1790",6354
"1791",6355
"1792",6356
"1793",6357
"1794",6358
"1795",6359
"1796",6360
"1797",6361
"1798",6362
"1799",6363
"1800",6364
"1801",6365
"1802",6366
"1803",6367
"1804",6368
"1805",6369
"1806",6370
"1807",6371
"1808",6372
"1809",6373
"1810",6374
"1811",6375
"1812",6376
"1813",6377
"1814",6378
"1815",6379
"1816",6380
"1817",6381
"1818",6382
"1819",6383
"1820",6384
"1821",6385
"1822",6386
"1823",6387
"1824",6388
"1825",6389
"1826",6390
"1827",6391
"1828",6392
"1829",6393
"1830",6394
"1831",6395
"1832",6396
"1833",6397
"1834",6398
"1835",6399
"1836",6400
"1837",6401
"1838",6402
"1839",6403
"1840",6404
"1841",6405
"1842",6406
"1843",6409
"1844",6418
"1845",6419
"1846",6420
"1847",6421
"1848",6422
"1849",6423
"1850",6424
"1851",6425
"1852",6426
"1853",6427
"1854",6428
"1855",6429
"1856",6430
"1857",6431
"1858",6432
"1859",6433
"1860",6440
"1861",6441
"1862",6446
"1863",6447
"1864",6448
"1865",6449
"1866",6450
"1867",6453
"1868",6462
"1869",6463
"1870",6464
"1871",6465
"1872",6466
"1873",6467
"1874",6474
"1875",6475
"1876",6476
"1877",6477
"1878",6478
"1879",6479
"1880",6489
"1881",6490
"1882",6491
"1883",6492
"1884",6493
"1885",6494
"1886",6495
"1887",6496
"1888",6497
"1889",6498
"1890",6499
"1891",6500
"1892",6501
"1893",6502
"1894",6503
"1895",6504
"1896",6505
"1897",6506
"1898",6507
"1899",6508
"1900",6509
"1901",6510
"1902",6511
"1903",6512
"1904",6513
"1905",6514
"1906",6515
"1907",6516
"1908",6517
"1909",6518
"1910",6519
"1911",6520
"1912",6526
"1913",6527
"1914",6528
"1915",6529
"1916",6530
"1917",6531
"1918",6532
"1919",6533
"1920",6534
"1921",6535
"1922",6536
"1923",6537
"1924",6538
"1925",6539
"1926",6540
"1927",6541
"1928",6542
"1929",6543
"1930",6580
"1931",6584
"1932",6585
"1933",6586
"1934",6593
"1935",6595
"1936",6596
"1937",6597
"1938",6598
"1939",6599
"1940",6600
"1941",6601
"1942",6602
"1943",6603
"1944",6604
"1945",6605
"1946",6606
"1947",6607
"1948",6608
"1949",6609
"1950",6610
"1951",6613
"1952",6614
"1953",6615
"1954",6616
"1955",6617
"1956",6618
"1957",6619
"1958",6620
"1959",6621
"1960",6622
"1961",6623
"1962",6624
"1963",6625
"1964",6626
"1965",6627
"1966",6628
"1967",6629
"1968",6630
"1969",6631
"1970",6632
"1971",6633
"1972",6634
"1973",6635
"1974",6636
"1975",6637
"1976",6638
"1977",6639
"1978",6640
"1979",6641
"1980",6642
"1981",6643
"1982",6644
"1983",6645
"1984",6646
"1985",6647
"1986",6648
"1987",6649
"1988",6650
"1989",6651
"1990",6652
"1991",6653
"1992",6654
"1993",6655
"1994",6656
"1995",6657
"1996",6658
"1997",6659
"1998",6660
"1999",6661
"2000",6662
"2001",6663
"2002",6664
"2003",6665
"2004",6666
"2005",6667
"2006",6668
"2007",6669
"2008",6670
"2009",6671
"2010",6672
"2011",6673
"2012",6674
"2013",6675
"2014",6676
"2015",6677
"2016",6678
"2017",6679
"2018",6680
"2019",6681
"2020",6682
"2021",6683
"2022",6684
"2023",6685
"2024",6686
"2025",6687
"2026",6688
"2027",6689
"2028",6690
"2029",6691
"2030",6692
"2031",6693
"2032",6694
"2033",6695
"2034",6696
"2035",6697
"2036",6698
"2037",6699
"2038",6700
"2039",6701
"2040",6702
"2041",6703
"2042",6704
"2043",6705
"2044",6706
"2045",6707
"2046",6708
"2047",6709
"2048",6710
"2049",6711
"2050",6712
"2051",6713
"2052",6714
"2053",6715
"2054",6716
"2055",6717
"2056",6718
"2057",6719
"2058",6720
"2059",6721
"2060",6722
"2061",6723
"2062",6724
"2063",6725
"2064",6726
"2065",6727
"2066",6728
"2067",6729
"2068",6730
"2069",6731
"2070",6732
"2071",6733
"2072",6734
"2073",6735
"2074",6736
"2075",6737
"2076",6738
"2077",6739
"2078",6740
"2079",6741
"2080",6742
"2081",6743
"2082",6744
"2083",6745
"2084",6746
"2085",6747
"2086",6748
"2087",6749
"2088",6750
"2089",6751
"2090",6752
"2091",6753
"2092",6754
"2093",6755
"2094",6756
"2095",6757
"2096",6758
"2097",6759
"2098",6760
"2099",6761
"2100",6762
"2101",6763
"2102",6764
"2103",6765
"2104",6766
"2105",6767
"2106",6768
"2107",6769
"2108",6770
"2109",6771
"2110",6772
"2111",6773
"2112",6774
"2113",6775
"2114",6776
"2115",6777
"2116",6778
"2117",6779
"2118",6780
"2119",6781
"2120",6782
"2121",6783
"2122",6784
"2123",6785
"2124",6786
"2125",6787
"2126",6788
"2127",6789
"2128",6790
"2129",6791
"2130",6792
"2131",6793
"2132",6794
"2133",6795
"2134",6796
"2135",6797
"2136",6798
"2137",6799
"2138",6800
"2139",6801
"2140",6802
"2141",6803
"2142",6804
"2143",6805
"2144",6806
"2145",6807
"2146",6808
"2147",6809
"2148",6810
"2149",6811
"2150",6812
"2151",6813
"2152",6814
"2153",6815
"2154",6816
"2155",6817
"2156",6818
"2157",6819
"2158",6820
"2159",6821
"2160",6822
"2161",6823
"2162",6824
"2163",6825
"2164",6826
"2165",6827
"2166",6828
"2167",6829
"2168",6830
"2169",6831
"2170",6832
"2171",6833
"2172",6834
"2173",6835
"2174",6836
"2175",6837
"2176",6838
"2177",6839
"2178",6840
"2179",6841
"2180",6842
"2181",6843
"2182",6844
"2183",6845
"2184",6846
"2185",6847
"2186",6848
"2187",6849
"2188",6850
"2189",6851
"2190",6852
"2191",6853
"2192",6854
"2193",6855
"2194",6856
"2195",6857
"2196",6858
"2197",6859
"2198",6860
"2199",6861
"2200",6862
"2201",6863
"2202",6864
"2203",6865
"2204",6866
"2205",6867
"2206",6868
"2207",6869
"2208",6870
"2209",6871
"2210",6872
"2211",6873
"2212",6874
"2213",6875
"2214",6876
"2215",6877
"2216",6878
"2217",6879
"2218",6880
"2219",6881
"2220",6882
"2221",6883
"2222",6884
"2223",6885
"2224",6886
"2225",6887
"2226",6888
"2227",6889
"2228",6890
"2229",6891
"2230",6892
"2231",6893
"2232",6894
"2233",6895
"2234",6934
"2235",6935
"2236",6936
"2237",6937
"2238",6938
"2239",6939
"2240",6940
"2241",6941
"2242",6942
"2243",6943
"2244",6944
"2245",6945
"2246",6946
"2247",6947
"2248",6948
"2249",6949
"2250",6950
"2251",6951
"2252",6952
"2253",6953
"2254",6954
"2255",6955
"2256",6956
"2257",6957
"2258",6960
"2259",6961
"2260",6962
"2261",6963
"2262",6964
"2263",6965
"2264",6966
"2265",6967
"2266",6968
"2267",6969
"2268",6970
"2269",6971
"2270",6972
"2271",6973
"2272",6974
"2273",6975
"2274",6976
"2275",6977
"2276",6978
"2277",6979
"2278",6980
"2279",6981
"2280",6982
"2281",6983
"2282",6984
"2283",6985
"2284",6986
"2285",6987
"2286",6988
"2287",6989
"2288",6990
"2289",6991
"2290",6992
"2291",6993
"2292",6994
"2293",6995
"2294",6996
"2295",6997
"2296",6998
"2297",6999
"2298",7000
"2299",7001
"2300",7002
"2301",7003
"2302",7004
"2303",7005
"2304",7006
"2305",7007
"2306",7008
"2307",7009
"2308",7010
"2309",7011
"2310",7012
"2311",7013
"2312",7014
"2313",7015
"2314",7016
"2315",7017
"2316",7018
"2317",7019
"2318",7020
"2319",7021
"2320",7022
"2321",7023
"2322",7024
"2323",7025
"2324",7026
"2325",7027
"2326",7028
"2327",7029
"2328",7030
"2329",7031
"2330",7032
"2331",7033
"2332",7034
"2333",7035
"2334",7036
"2335",7037
"2336",7038
"2337",7039
"2338",7043
"2339",7044
"2340",7045
"2341",7050
"2342",7051
"2343",7052
"2344",7053
"2345",7054
"2346",7055
"2347",7056
"2348",7057
"2349",7058
"2350",7059
"2351",7060
"2352",7061
"2353",7062
"2354",7063
"2355",7064
"2356",7065
"2357",7066
"2358",7067
"2359",7068
"2360",7069
"2361",7070
"2362",7071
"2363",7072
"2364",7073
"2365",7074
"2366",7075
"2367",7076
"2368",7077
"2369",7078
"2370",7079
"2371",7080
"2372",7081
"2373",7082
"2374",7083
"2375",7084
"2376",7085
"2377",7086
"2378",7087
"2379",7088
"2380",7089
"2381",7094
"2382",7095
"2383",7096
"2384",7097
"2385",7098
"2386",7099
"2387",7100
"2388",7101
"2389",7102
"2390",7103
"2391",7104
"2392",7105
"2393",7106
"2394",7107
"2395",7108
"2396",7109
"2397",7110
"2398",7111
"2399",7112
"2400",7113
"2401",7114
"2402",7115
"2403",7116
"2404",7117
"2405",7118
"2406",7119
"2407",7120
"2408",7121
"2409",7122
"2410",7123
"2411",7124
"2412",7125
"2413",7126
"2414",7127
"2415",7128
"2416",7129
"2417",7130
"2418",7131
"2419",7132
"2420",7133
"2421",7134
"2422",7135
"2423",7136
"2424",7137
"2425",7138
"2426",7139
"2427",7140
"2428",7141
"2429",7142
"2430",7143
"2431",7144
"2432",7145
"2433",7146
"2434",7147
"2435",7148
"2436",7149
"2437",7150
"2438",7151
"2439",7152
"2440",7153
"2441",7154
"2442",7155
"2443",7156
"2444",7157
"2445",7158
"2446",7159
"2447",7160
"2448",7161
"2449",7162
"2450",7163
"2451",7164
"2452",7165
"2453",7166
"2454",7167
"2455",7168
"2456",7169
"2457",7170
"2458",7171
"2459",7172
"2460",7173
"2461",7174
"2462",7175
"2463",7176
"2464",7177
"2465",7178
"2466",7179
"2467",7180
"2468",7181
"2469",7182
"2470",7183
"2471",7184
"2472",7185
"2473",7186
"2474",7187
"2475",7188
"2476",7189
"2477",7190
"2478",7191
"2479",7192
"2480",7193
"2481",7194
"2482",7195
"2483",7196
"2484",7197
"2485",7198
"2486",7199
"2487",7200
"2488",7201
"2489",7202
"2490",7203
"2491",7204
"2492",7205
"2493",7206
"2494",7207
"2495",7208
"2496",7209
"2497",7210
"2498",7211
"2499",7212
"2500",7213
"2501",7214
"2502",7215
"2503",7216
"2504",7217
"2505",7218
"2506",7219
"2507",7220
"2508",7221
"2509",7222
"2510",7223
"2511",7224
"2512",7225
"2513",7226
"2514",7227
"2515",7228
"2516",7229
"2517",7230
"2518",7231
"2519",7232
"2520",7233
"2521",7234
"2522",7235
"2523",7236
"2524",7237
"2525",7238
"2526",7239
"2527",7240
"2528",7241
"2529",7242
"2530",7243
"2531",7244
"2532",7245
"2533",7246
"2534",7247
"2535",7248
"2536",7249
"2537",7250
"2538",7251
"2539",7252
"2540",7253
"2541",7254
"2542",7255
"2543",7256
"2544",7257
"2545",7258
"2546",7259
"2547",7260
"2548",7261
"2549",7262
"2550",7263
"2551",7264
"2552",7265
"2553",7266
"2554",7267
"2555",7268
"2556",7269
"2557",7270
"2558",7271
"2559",7272
"2560",7273
"2561",7274
"2562",7275
"2563",7276
"2564",7277
"2565",7278
"2566",7279
"2567",7280
"2568",7282
"2569",7303
"2570",7304
"2571",7305
"2572",7306
"2573",7307
"2574",7308
"2575",7309
"2576",7310
"2577",7311
"2578",7312
"2579",7313
"2580",7314
"2581",7315
"2582",7316
"2583",7317
"2584",7318
"2585",7319
"2586",7320
"2587",7321
"2588",7322
"2589",7323
"2590",7332
"2591",7333
"2592",7334
"2593",7335
"2594",7336
"2595",7337
"2596",7338
"2597",7339
"2598",7340
"2599",7341
"2600",7342
"2601",7343
"2602",7344
"2603",7345
"2604",7346
"2605",7347
"2606",7348
"2607",7349
"2608",7350
"2609",7351
"2610",7352
"2611",7353
"2612",7354
"2613",7355
"2614",7356
"2615",7357
"2616",7358
"2617",7359
"2618",7360
"2619",7361
"2620",7362
"2621",7363
"2622",7364
"2623",7365
"2624",7366
"2625",7367
"2626",7368
"2627",7369
"2628",7370
"2629",7371
"2630",7372
"2631",7373
"2632",7374
"2633",7375
"2634",7376
"2635",7377
"2636",7378
"2637",7379
"2638",7380
"2639",7381
"2640",7382
"2641",7383
"2642",7384
"2643",7385
"2644",7386
"2645",7387
"2646",7388
"2647",7389
"2648",7390
"2649",7391
"2650",7392
"2651",7393
"2652",7394
"2653",7395
"2654",7396
"2655",7397
"2656",7398
"2657",7399
"2658",7400
"2659",7401
"2660",7402
"2661",7403
"2662",7404
"2663",7405
"2664",7406
"2665",7407
"2666",7408
"2667",7409
"2668",7410
"2669",7411
"2670",7412
"2671",7413
"2672",7414
"2673",7415
"2674",7416
"2675",7417
"2676",7418
"2677",7419
"2678",7420
"2679",7421
"2680",7422
"2681",7423
"2682",7424
"2683",7425
"2684",7426
"2685",7427
"2686",7428
"2687",7429
"2688",7430
"2689",7431
"2690",7432
"2691",7433
"2692",7434
"2693",7435
"2694",7436
"2695",7437
"2696",7438
"2697",7439
"2698",7440
"2699",7441
"2700",7442
"2701",7443
"2702",7444
"2703",7445
"2704",7446
"2705",7447
"2706",7448
"2707",7449
"2708",7450
"2709",7451
"2710",7452
"2711",7453
"2712",7454
"2713",7455
"2714",7456
"2715",7457
"2716",7458
"2717",7459
"2718",7460
"2719",7461
"2720",7462
"2721",7463
"2722",7464
"2723",7465
"2724",7466
"2725",7467
"2726",7468
"2727",7469
"2728",7470
"2729",7471
"2730",7472
"2731",7473
"2732",7474
"2733",7475
"2734",7476
"2735",7477
"2736",7478
"2737",7479
"2738",7480
"2739",7481
"2740",7482
"2741",7483
"2742",7484
"2743",7485
"2744",7486
"2745",7487
"2746",7488
"2747",7489
"2748",7490
"2749",7491
"2750",7492
"2751",7493
"2752",7494
"2753",7495
"2754",7496
"2755",7497
"2756",7498
"2757",7499
"2758",7500
"2759",7501
"2760",7502
"2761",7503
"2762",7504
"2763",7505
"2764",7506
"2765",7507
"2766",7508
"2767",7509
"2768",7510
"2769",7511
"2770",7512
"2771",7513
"2772",7514
"2773",7515
"2774",7516
"2775",7517
"2776",7518
"2777",7519
"2778",7520
"2779",7521
"2780",7522
"2781",7523
"2782",7524
"2783",7525
"2784",7526
"2785",7527
"2786",7528
"2787",7529
"2788",7530
"2789",7531
"2790",7532
"2791",7533
"2792",7534
"2793",7535
"2794",7536
"2795",7537
"2796",7538
"2797",7539
"2798",7540
"2799",7541
"2800",7542
"2801",7543
"2802",7544
"2803",7545
"2804",7546
"2805",7547
"2806",7548
"2807",7549
"2808",7550
"2809",7551
"2810",7552
"2811",7553
"2812",7554
"2813",7555
"2814",7556
"2815",7562
"2816",7563
"2817",7564
"2818",7569
"2819",7570
"2820",7571
"2821",7577
"2822",7578
"2823",7579
"2824",7584
"2825",7585
"2826",7586
"2827",7587
"2828",7589
"2829",7590
"2830",7591
"2831",7592
"2832",7593
"2833",7594
"2834",7595
"2835",7596
"2836",7597
"2837",7598
"2838",7599
"2839",7600
"2840",7601
"2841",7602
"2842",7603
"2843",7604
"2844",7605
"2845",7606
"2846",7607
"2847",7608
"2848",7609
"2849",7610
"2850",7611
"2851",7612
"2852",7613
"2853",7614
"2854",7615
"2855",7616
"2856",7617
"2857",7618
"2858",7619
"2859",7620
"2860",7621
"2861",7622
"2862",7623
"2863",7624
"2864",7625
"2865",7626
"2866",7627
"2867",7628
"2868",7629
"2869",7630
"2870",7631
"2871",7632
"2872",7633
"2873",7634
"2874",7635
"2875",7636
"2876",7637
"2877",7638
"2878",7639
"2879",7640
"2880",7641
"2881",7642
"2882",7643
"2883",7644
"2884",7645
"2885",7646
"2886",7647
"2887",7648
"2888",7649
"2889",7650
"2890",7651
"2891",7652
"2892",7653
"2893",7694
"2894",7695
"2895",7696
"2896",7697
"2897",7698
"2898",7699
"2899",7700
"2900",7701
"2901",7702
"2902",7703
"2903",7704
"2904",7705
"2905",7706
"2906",7707
"2907",7708
"2908",7709
"2909",7710
"2910",7711
"2911",7712
"2912",7713
"2913",7714
"2914",7715
"2915",7716
"2916",7717
"2917",7736
"2918",7737
"2919",7738
"2920",7739
"2921",7740
"2922",7741
"2923",7742
"2924",7743
"2925",7800
"2926",7801
"2927",7802
"2928",7803
"2929",7844
"2930",7845
"2931",7846
